Iter, SER
0, 1.000000000000
1, 0.386718750000
2, 0.324340820312
3, 0.278808593750
4, 0.252807617188
5, 0.217163085938
6, 0.190429687500
7, 0.171142578125
8, 0.148559570312
9, 0.125610351562
10, 0.102905273438
11, 0.079345703125
12, 0.055786132812
13, 0.032470703125
14, 0.013427734375
15, 0.003295898438
16, 0.000610351562
17, 0.000732421875
18, 0.000732421875
19, 0.000732421875
20, 0.000732421875
21, 0.000732421875
#The decoder took: 162 s

